product_id,product_name,stock_quantity,warehouse_location,last_updated
100,Product_0,301,Pune,2026-04-03 11:59:51.997363
101,Product_1,488,Mumbai,2026-04-03 11:59:51.997366
102,Product_2,417,Mumbai,2026-04-03 11:59:51.997367
103,Product_3,452,Mumbai,2026-04-03 11:59:51.997367
104,Product_4,324,Mumbai,2026-04-03 11:59:51.997367
105,Product_5,349,Delhi,2026-04-03 11:59:51.997368
106,Product_6,413,Delhi,2026-04-03 11:59:51.997368
107,Product_7,367,Delhi,2026-04-03 11:59:51.997369
108,Product_8,43,Mumbai,2026-04-03 11:59:51.997369
109,Product_9,131,Delhi,2026-04-03 11:59:51.997369
110,Product_10,314,Bangalore,2026-04-03 11:59:51.997370
111,Product_11,408,Mumbai,2026-04-03 11:59:51.997370
112,Product_12,425,Pune,2026-04-03 11:59:51.997371
113,Product_13,38,Mumbai,2026-04-03 11:59:51.997371
114,Product_14,201,Mumbai,2026-04-03 11:59:51.997371
115,Product_15,351,Pune,2026-04-03 11:59:51.997372
116,Product_16,302,Delhi,2026-04-03 11:59:51.997372
117,Product_17,172,Bangalore,2026-04-03 11:59:51.997372
118,Product_18,82,Bangalore,2026-04-03 11:59:51.997373
119,Product_19,224,Mumbai,2026-04-03 11:59:51.997373
120,Product_20,170,Mumbai,2026-04-03 11:59:51.997373
121,Product_21,482,Mumbai,2026-04-03 11:59:51.997374
122,Product_22,109,Mumbai,2026-04-03 11:59:51.997374
123,Product_23,367,Delhi,2026-04-03 11:59:51.997375
124,Product_24,268,Pune,2026-04-03 11:59:51.997375
125,Product_25,262,Delhi,2026-04-03 11:59:51.997375
126,Product_26,214,Mumbai,2026-04-03 11:59:51.997376
127,Product_27,101,Mumbai,2026-04-03 11:59:51.997376
128,Product_28,169,Bangalore,2026-04-03 11:59:51.997377
129,Product_29,470,Delhi,2026-04-03 11:59:51.997377
130,Product_30,259,Pune,2026-04-03 11:59:51.997377
131,Product_31,352,Bangalore,2026-04-03 11:59:51.997378
132,Product_32,223,Pune,2026-04-03 11:59:51.997378
133,Product_33,27,Mumbai,2026-04-03 11:59:51.997378
134,Product_34,49,Delhi,2026-04-03 11:59:51.997379
135,Product_35,306,Pune,2026-04-03 11:59:51.997379
136,Product_36,27,Bangalore,2026-04-03 11:59:51.997380
137,Product_37,273,Pune,2026-04-03 11:59:51.997380
138,Product_38,375,Bangalore,2026-04-03 11:59:51.997380
139,Product_39,433,Bangalore,2026-04-03 11:59:51.997381
140,Product_40,346,Pune,2026-04-03 11:59:51.997381
141,Product_41,167,Mumbai,2026-04-03 11:59:51.997382
142,Product_42,134,Pune,2026-04-03 11:59:51.997382
143,Product_43,476,Delhi,2026-04-03 11:59:51.997382
144,Product_44,335,Delhi,2026-04-03 11:59:51.997383
145,Product_45,366,Bangalore,2026-04-03 11:59:51.997383
146,Product_46,407,Pune,2026-04-03 11:59:51.997383
147,Product_47,282,Mumbai,2026-04-03 11:59:51.997384
148,Product_48,29,Mumbai,2026-04-03 11:59:51.997384
149,Product_49,388,Mumbai,2026-04-03 11:59:51.997385
150,Product_50,56,Delhi,2026-04-03 11:59:51.997385
151,Product_51,398,Mumbai,2026-04-03 11:59:51.997385
152,Product_52,18,Pune,2026-04-03 11:59:51.997386
153,Product_53,418,Bangalore,2026-04-03 11:59:51.997386
154,Product_54,384,Delhi,2026-04-03 11:59:51.997387
155,Product_55,239,Mumbai,2026-04-03 11:59:51.997387
156,Product_56,23,Pune,2026-04-03 11:59:51.997387
157,Product_57,99,Mumbai,2026-04-03 11:59:51.997388
158,Product_58,415,Bangalore,2026-04-03 11:59:51.997388
159,Product_59,174,Mumbai,2026-04-03 11:59:51.997388
160,Product_60,319,Pune,2026-04-03 11:59:51.997389
161,Product_61,105,Mumbai,2026-04-03 11:59:51.997389
162,Product_62,354,Mumbai,2026-04-03 11:59:51.997389
163,Product_63,484,Mumbai,2026-04-03 11:59:51.997390
164,Product_64,324,Pune,2026-04-03 11:59:51.997390
165,Product_65,437,Pune,2026-04-03 11:59:51.997391
166,Product_66,204,Pune,2026-04-03 11:59:51.997391
167,Product_67,236,Pune,2026-04-03 11:59:51.997391
168,Product_68,180,Mumbai,2026-04-03 11:59:51.997392
169,Product_69,192,Delhi,2026-04-03 11:59:51.997392
170,Product_70,374,Bangalore,2026-04-03 11:59:51.997392
171,Product_71,11,Pune,2026-04-03 11:59:51.997393
172,Product_72,315,Pune,2026-04-03 11:59:51.997393
173,Product_73,168,Mumbai,2026-04-03 11:59:51.997394
174,Product_74,350,Delhi,2026-04-03 11:59:51.997394
175,Product_75,188,Delhi,2026-04-03 11:59:51.997394
176,Product_76,43,Mumbai,2026-04-03 11:59:51.997395
177,Product_77,449,Bangalore,2026-04-03 11:59:51.997396
178,Product_78,172,Mumbai,2026-04-03 11:59:51.997396
179,Product_79,439,Delhi,2026-04-03 11:59:51.997396
180,Product_80,46,Delhi,2026-04-03 11:59:51.997397
181,Product_81,117,Delhi,2026-04-03 11:59:51.997397
182,Product_82,248,Mumbai,2026-04-03 11:59:51.997397
183,Product_83,213,Mumbai,2026-04-03 11:59:51.997398
184,Product_84,302,Pune,2026-04-03 11:59:51.997398
185,Product_85,368,Delhi,2026-04-03 11:59:51.997398
186,Product_86,291,Bangalore,2026-04-03 11:59:51.997399
187,Product_87,24,Delhi,2026-04-03 11:59:51.997399
188,Product_88,335,Pune,2026-04-03 11:59:51.997399
189,Product_89,141,Mumbai,2026-04-03 11:59:51.997400
190,Product_90,289,Delhi,2026-04-03 11:59:51.997400
191,Product_91,364,Mumbai,2026-04-03 11:59:51.997400
192,Product_92,139,Bangalore,2026-04-03 11:59:51.997401
193,Product_93,321,Bangalore,2026-04-03 11:59:51.997401
194,Product_94,303,Pune,2026-04-03 11:59:51.997402
195,Product_95,143,Pune,2026-04-03 11:59:51.997402
196,Product_96,220,Bangalore,2026-04-03 11:59:51.997403
197,Product_97,179,Bangalore,2026-04-03 11:59:51.997403
198,Product_98,321,Pune,2026-04-03 11:59:51.997404
199,Product_99,75,Mumbai,2026-04-03 11:59:51.997404
200,Product_100,26,Mumbai,2026-04-03 11:59:51.997404
201,Product_101,365,Pune,2026-04-03 11:59:51.997405
202,Product_102,157,Bangalore,2026-04-03 11:59:51.997405
203,Product_103,186,Bangalore,2026-04-03 11:59:51.997406
204,Product_104,466,Mumbai,2026-04-03 11:59:51.997406
205,Product_105,395,Mumbai,2026-04-03 11:59:51.997406
206,Product_106,264,Delhi,2026-04-03 11:59:51.997407
207,Product_107,183,Bangalore,2026-04-03 11:59:51.997407
208,Product_108,367,Bangalore,2026-04-03 11:59:51.997408
209,Product_109,348,Mumbai,2026-04-03 11:59:51.997408
210,Product_110,497,Delhi,2026-04-03 11:59:51.997409
211,Product_111,216,Delhi,2026-04-03 11:59:51.997409
212,Product_112,11,Pune,2026-04-03 11:59:51.997410
213,Product_113,440,Bangalore,2026-04-03 11:59:51.997410
214,Product_114,173,Delhi,2026-04-03 11:59:51.997411
215,Product_115,92,Mumbai,2026-04-03 11:59:51.997411
216,Product_116,72,Pune,2026-04-03 11:59:51.997412
217,Product_117,265,Pune,2026-04-03 11:59:51.997412
218,Product_118,369,Bangalore,2026-04-03 11:59:51.997413
219,Product_119,218,Bangalore,2026-04-03 11:59:51.997413
220,Product_120,480,Delhi,2026-04-03 11:59:51.997413
221,Product_121,290,Pune,2026-04-03 11:59:51.997414
222,Product_122,345,Delhi,2026-04-03 11:59:51.997414
223,Product_123,302,Pune,2026-04-03 11:59:51.997415
224,Product_124,337,Mumbai,2026-04-03 11:59:51.997415
225,Product_125,293,Mumbai,2026-04-03 11:59:51.997416
226,Product_126,169,Pune,2026-04-03 11:59:51.997416
227,Product_127,320,Delhi,2026-04-03 11:59:51.997416
228,Product_128,286,Mumbai,2026-04-03 11:59:51.997417
229,Product_129,31,Mumbai,2026-04-03 11:59:51.997417
230,Product_130,270,Bangalore,2026-04-03 11:59:51.997417
231,Product_131,159,Delhi,2026-04-03 11:59:51.997418
232,Product_132,222,Mumbai,2026-04-03 11:59:51.997418
233,Product_133,399,Mumbai,2026-04-03 11:59:51.997419
234,Product_134,157,Mumbai,2026-04-03 11:59:51.997419
235,Product_135,343,Bangalore,2026-04-03 11:59:51.997419
236,Product_136,285,Delhi,2026-04-03 11:59:51.997420
237,Product_137,493,Pune,2026-04-03 11:59:51.997420
238,Product_138,250,Pune,2026-04-03 11:59:51.997421
239,Product_139,73,Delhi,2026-04-03 11:59:51.997421
240,Product_140,278,Delhi,2026-04-03 11:59:51.997421
241,Product_141,180,Bangalore,2026-04-03 11:59:51.997422
242,Product_142,433,Delhi,2026-04-03 11:59:51.997422
243,Product_143,320,Delhi,2026-04-03 11:59:51.997422
244,Product_144,34,Mumbai,2026-04-03 11:59:51.997423
245,Product_145,238,Bangalore,2026-04-03 11:59:51.997423
246,Product_146,444,Delhi,2026-04-03 11:59:51.997423
247,Product_147,87,Delhi,2026-04-03 11:59:51.997424
248,Product_148,69,Delhi,2026-04-03 11:59:51.997424
249,Product_149,406,Delhi,2026-04-03 11:59:51.997425
250,Product_150,333,Delhi,2026-04-03 11:59:51.997425
251,Product_151,173,Delhi,2026-04-03 11:59:51.997426
252,Product_152,17,Delhi,2026-04-03 11:59:51.997426
253,Product_153,73,Bangalore,2026-04-03 11:59:51.997426
254,Product_154,289,Pune,2026-04-03 11:59:51.997427
255,Product_155,315,Delhi,2026-04-03 11:59:51.997427
256,Product_156,257,Delhi,2026-04-03 11:59:51.997427
257,Product_157,155,Pune,2026-04-03 11:59:51.997428
258,Product_158,165,Pune,2026-04-03 11:59:51.997428
259,Product_159,381,Delhi,2026-04-03 11:59:51.997428
260,Product_160,164,Delhi,2026-04-03 11:59:51.997429
261,Product_161,395,Mumbai,2026-04-03 11:59:51.997429
262,Product_162,499,Delhi,2026-04-03 11:59:51.997429
263,Product_163,383,Pune,2026-04-03 11:59:51.997430
264,Product_164,459,Pune,2026-04-03 11:59:51.997430
265,Product_165,444,Bangalore,2026-04-03 11:59:51.997430
266,Product_166,62,Mumbai,2026-04-03 11:59:51.997431
267,Product_167,206,Bangalore,2026-04-03 11:59:51.997431
268,Product_168,423,Bangalore,2026-04-03 11:59:51.997431
269,Product_169,339,Mumbai,2026-04-03 11:59:51.997432
270,Product_170,155,Delhi,2026-04-03 11:59:51.997432
271,Product_171,376,Mumbai,2026-04-03 11:59:51.997432
272,Product_172,168,Delhi,2026-04-03 11:59:51.997433
273,Product_173,117,Delhi,2026-04-03 11:59:51.997433
274,Product_174,80,Mumbai,2026-04-03 11:59:51.997434
275,Product_175,51,Mumbai,2026-04-03 11:59:51.997434
276,Product_176,477,Delhi,2026-04-03 11:59:51.997434
277,Product_177,448,Bangalore,2026-04-03 11:59:51.997435
278,Product_178,22,Mumbai,2026-04-03 11:59:51.997435
279,Product_179,353,Bangalore,2026-04-03 11:59:51.997435
280,Product_180,331,Bangalore,2026-04-03 11:59:51.997436
281,Product_181,74,Pune,2026-04-03 11:59:51.997436
282,Product_182,247,Delhi,2026-04-03 11:59:51.997437
283,Product_183,53,Delhi,2026-04-03 11:59:51.997437
284,Product_184,133,Mumbai,2026-04-03 11:59:51.997438
285,Product_185,254,Mumbai,2026-04-03 11:59:51.997438
286,Product_186,485,Delhi,2026-04-03 11:59:51.997438
287,Product_187,320,Pune,2026-04-03 11:59:51.997439
288,Product_188,246,Delhi,2026-04-03 11:59:51.997439
289,Product_189,113,Bangalore,2026-04-03 11:59:51.997440
290,Product_190,55,Mumbai,2026-04-03 11:59:51.997440
291,Product_191,167,Mumbai,2026-04-03 11:59:51.997441
292,Product_192,451,Pune,2026-04-03 11:59:51.997441
293,Product_193,357,Bangalore,2026-04-03 11:59:51.997441
294,Product_194,312,Bangalore,2026-04-03 11:59:51.997442
295,Product_195,18,Pune,2026-04-03 11:59:51.997442
296,Product_196,337,Mumbai,2026-04-03 11:59:51.997442
297,Product_197,346,Pune,2026-04-03 11:59:51.997443
298,Product_198,227,Mumbai,2026-04-03 11:59:51.997443
299,Product_199,193,Pune,2026-04-03 11:59:51.997443
300,Product_200,434,Pune,2026-04-03 11:59:51.997444
301,Product_201,497,Bangalore,2026-04-03 11:59:51.997444
302,Product_202,270,Bangalore,2026-04-03 11:59:51.997445
303,Product_203,69,Mumbai,2026-04-03 11:59:51.997445
304,Product_204,336,Mumbai,2026-04-03 11:59:51.997445
305,Product_205,247,Bangalore,2026-04-03 11:59:51.997446
306,Product_206,198,Pune,2026-04-03 11:59:51.997446
307,Product_207,430,Delhi,2026-04-03 11:59:51.997446
308,Product_208,33,Mumbai,2026-04-03 11:59:51.997447
309,Product_209,432,Delhi,2026-04-03 11:59:51.997447
310,Product_210,445,Delhi,2026-04-03 11:59:51.997447
311,Product_211,57,Pune,2026-04-03 11:59:51.997448
312,Product_212,44,Delhi,2026-04-03 11:59:51.997448
313,Product_213,239,Pune,2026-04-03 11:59:51.997448
314,Product_214,87,Pune,2026-04-03 11:59:51.997449
315,Product_215,80,Delhi,2026-04-03 11:59:51.997449
316,Product_216,487,Mumbai,2026-04-03 11:59:51.997450
317,Product_217,264,Delhi,2026-04-03 11:59:51.997450
318,Product_218,38,Pune,2026-04-03 11:59:51.997450
319,Product_219,381,Delhi,2026-04-03 11:59:51.997451
320,Product_220,351,Bangalore,2026-04-03 11:59:51.997451
321,Product_221,348,Delhi,2026-04-03 11:59:51.997452
322,Product_222,58,Pune,2026-04-03 11:59:51.997452
323,Product_223,270,Bangalore,2026-04-03 11:59:51.997453
324,Product_224,301,Delhi,2026-04-03 11:59:51.997453
325,Product_225,107,Delhi,2026-04-03 11:59:51.997453
326,Product_226,379,Pune,2026-04-03 11:59:51.997454
327,Product_227,399,Delhi,2026-04-03 11:59:51.997454
328,Product_228,316,Delhi,2026-04-03 11:59:51.997454
329,Product_229,404,Mumbai,2026-04-03 11:59:51.997455
330,Product_230,274,Pune,2026-04-03 11:59:51.997455
331,Product_231,474,Delhi,2026-04-03 11:59:51.997455
332,Product_232,415,Delhi,2026-04-03 11:59:51.997456
333,Product_233,301,Delhi,2026-04-03 11:59:51.997456
334,Product_234,308,Mumbai,2026-04-03 11:59:51.997456
335,Product_235,57,Mumbai,2026-04-03 11:59:51.997457
336,Product_236,332,Pune,2026-04-03 11:59:51.997457
337,Product_237,475,Bangalore,2026-04-03 11:59:51.997458
338,Product_238,132,Mumbai,2026-04-03 11:59:51.997458
339,Product_239,16,Delhi,2026-04-03 11:59:51.997458
340,Product_240,409,Bangalore,2026-04-03 11:59:51.997459
341,Product_241,363,Mumbai,2026-04-03 11:59:51.997459
342,Product_242,357,Delhi,2026-04-03 11:59:51.997459
343,Product_243,239,Pune,2026-04-03 11:59:51.997460
344,Product_244,92,Pune,2026-04-03 11:59:51.997460
345,Product_245,380,Mumbai,2026-04-03 11:59:51.997461
346,Product_246,387,Bangalore,2026-04-03 11:59:51.997461
347,Product_247,393,Bangalore,2026-04-03 11:59:51.997462
348,Product_248,487,Pune,2026-04-03 11:59:51.997462
349,Product_249,190,Bangalore,2026-04-03 11:59:51.997462
350,Product_250,228,Pune,2026-04-03 11:59:51.997463
351,Product_251,308,Delhi,2026-04-03 11:59:51.997463
352,Product_252,125,Mumbai,2026-04-03 11:59:51.997464
353,Product_253,133,Mumbai,2026-04-03 11:59:51.997464
354,Product_254,302,Bangalore,2026-04-03 11:59:51.997464
355,Product_255,311,Pune,2026-04-03 11:59:51.997465
356,Product_256,481,Delhi,2026-04-03 11:59:51.997465
357,Product_257,275,Mumbai,2026-04-03 11:59:51.997466
358,Product_258,39,Mumbai,2026-04-03 11:59:51.997466
359,Product_259,431,Pune,2026-04-03 11:59:51.997467
360,Product_260,317,Mumbai,2026-04-03 11:59:51.997467
361,Product_261,322,Mumbai,2026-04-03 11:59:51.997468
362,Product_262,355,Pune,2026-04-03 11:59:51.997468
363,Product_263,339,Pune,2026-04-03 11:59:51.997469
364,Product_264,442,Delhi,2026-04-03 11:59:51.997469
365,Product_265,252,Delhi,2026-04-03 11:59:51.997469
366,Product_266,157,Bangalore,2026-04-03 11:59:51.997470
367,Product_267,463,Pune,2026-04-03 11:59:51.997470
368,Product_268,45,Bangalore,2026-04-03 11:59:51.997471
369,Product_269,319,Bangalore,2026-04-03 11:59:51.997471
370,Product_270,474,Mumbai,2026-04-03 11:59:51.997472
371,Product_271,16,Bangalore,2026-04-03 11:59:51.997472
372,Product_272,282,Delhi,2026-04-03 11:59:51.997473
373,Product_273,470,Delhi,2026-04-03 11:59:51.997473
374,Product_274,428,Mumbai,2026-04-03 11:59:51.997473
375,Product_275,341,Delhi,2026-04-03 11:59:51.997474
376,Product_276,401,Pune,2026-04-03 11:59:51.997474
377,Product_277,126,Mumbai,2026-04-03 11:59:51.997475
378,Product_278,42,Pune,2026-04-03 11:59:51.997475
379,Product_279,191,Delhi,2026-04-03 11:59:51.997476
380,Product_280,123,Bangalore,2026-04-03 11:59:51.997476
381,Product_281,288,Bangalore,2026-04-03 11:59:51.997476
382,Product_282,496,Bangalore,2026-04-03 11:59:51.997477
383,Product_283,370,Pune,2026-04-03 11:59:51.997477
384,Product_284,140,Mumbai,2026-04-03 11:59:51.997477
385,Product_285,55,Delhi,2026-04-03 11:59:51.997478
386,Product_286,428,Delhi,2026-04-03 11:59:51.997478
387,Product_287,86,Delhi,2026-04-03 11:59:51.997479
388,Product_288,324,Delhi,2026-04-03 11:59:51.997479
389,Product_289,33,Mumbai,2026-04-03 11:59:51.997480
390,Product_290,237,Pune,2026-04-03 11:59:51.997480
391,Product_291,166,Delhi,2026-04-03 11:59:51.997481
392,Product_292,145,Mumbai,2026-04-03 11:59:51.997481
393,Product_293,433,Bangalore,2026-04-03 11:59:51.997481
394,Product_294,493,Pune,2026-04-03 11:59:51.997482
395,Product_295,381,Pune,2026-04-03 11:59:51.997482
396,Product_296,373,Delhi,2026-04-03 11:59:51.997483
397,Product_297,268,Mumbai,2026-04-03 11:59:51.997483
398,Product_298,237,Bangalore,2026-04-03 11:59:51.997484
399,Product_299,217,Pune,2026-04-03 11:59:51.997484
400,Product_300,20,Pune,2026-04-03 11:59:51.997484
401,Product_301,383,Bangalore,2026-04-03 11:59:51.997485
402,Product_302,474,Pune,2026-04-03 11:59:51.997485
403,Product_303,271,Mumbai,2026-04-03 11:59:51.997486
404,Product_304,494,Mumbai,2026-04-03 11:59:51.997486
405,Product_305,385,Mumbai,2026-04-03 11:59:51.997487
406,Product_306,112,Delhi,2026-04-03 11:59:51.997487
407,Product_307,399,Bangalore,2026-04-03 11:59:51.997488
408,Product_308,183,Delhi,2026-04-03 11:59:51.997488
409,Product_309,169,Delhi,2026-04-03 11:59:51.997489
410,Product_310,264,Bangalore,2026-04-03 11:59:51.997489
411,Product_311,120,Bangalore,2026-04-03 11:59:51.997490
412,Product_312,248,Bangalore,2026-04-03 11:59:51.997490
413,Product_313,435,Mumbai,2026-04-03 11:59:51.997490
414,Product_314,134,Bangalore,2026-04-03 11:59:51.997491
415,Product_315,33,Delhi,2026-04-03 11:59:51.997491
416,Product_316,267,Bangalore,2026-04-03 11:59:51.997492
417,Product_317,324,Bangalore,2026-04-03 11:59:51.997492
418,Product_318,466,Mumbai,2026-04-03 11:59:51.997492
419,Product_319,300,Bangalore,2026-04-03 11:59:51.997493
420,Product_320,196,Mumbai,2026-04-03 11:59:51.997493
421,Product_321,249,Pune,2026-04-03 11:59:51.997494
422,Product_322,27,Delhi,2026-04-03 11:59:51.997494
423,Product_323,62,Delhi,2026-04-03 11:59:51.997494
424,Product_324,145,Delhi,2026-04-03 11:59:51.997495
425,Product_325,190,Mumbai,2026-04-03 11:59:51.997495
426,Product_326,150,Mumbai,2026-04-03 11:59:51.997496
427,Product_327,154,Pune,2026-04-03 11:59:51.997496
428,Product_328,433,Mumbai,2026-04-03 11:59:51.997497
429,Product_329,370,Mumbai,2026-04-03 11:59:51.997497
430,Product_330,291,Mumbai,2026-04-03 11:59:51.997497
431,Product_331,400,Bangalore,2026-04-03 11:59:51.997498
432,Product_332,369,Mumbai,2026-04-03 11:59:51.997498
433,Product_333,314,Pune,2026-04-03 11:59:51.997498
434,Product_334,456,Pune,2026-04-03 11:59:51.997499
435,Product_335,186,Pune,2026-04-03 11:59:51.997499
436,Product_336,125,Bangalore,2026-04-03 11:59:51.997500
437,Product_337,151,Delhi,2026-04-03 11:59:51.997500
438,Product_338,136,Bangalore,2026-04-03 11:59:51.997500
439,Product_339,458,Mumbai,2026-04-03 11:59:51.997501
440,Product_340,156,Delhi,2026-04-03 11:59:51.997501
441,Product_341,495,Bangalore,2026-04-03 11:59:51.997502
442,Product_342,358,Delhi,2026-04-03 11:59:51.997502
443,Product_343,317,Bangalore,2026-04-03 11:59:51.997503
444,Product_344,289,Delhi,2026-04-03 11:59:51.997503
445,Product_345,402,Bangalore,2026-04-03 11:59:51.997503
446,Product_346,76,Delhi,2026-04-03 11:59:51.997504
447,Product_347,171,Delhi,2026-04-03 11:59:51.997504
448,Product_348,91,Mumbai,2026-04-03 11:59:51.997505
449,Product_349,348,Bangalore,2026-04-03 11:59:51.997505
450,Product_350,22,Mumbai,2026-04-03 11:59:51.997505
451,Product_351,427,Pune,2026-04-03 11:59:51.997506
452,Product_352,377,Delhi,2026-04-03 11:59:51.997506
453,Product_353,236,Delhi,2026-04-03 11:59:51.997507
454,Product_354,425,Mumbai,2026-04-03 11:59:51.997507
455,Product_355,92,Bangalore,2026-04-03 11:59:51.997508
456,Product_356,350,Pune,2026-04-03 11:59:51.997508
457,Product_357,183,Bangalore,2026-04-03 11:59:51.997509
458,Product_358,490,Bangalore,2026-04-03 11:59:51.997509
459,Product_359,161,Delhi,2026-04-03 11:59:51.997510
460,Product_360,217,Delhi,2026-04-03 11:59:51.997510
461,Product_361,339,Delhi,2026-04-03 11:59:51.997510
462,Product_362,151,Bangalore,2026-04-03 11:59:51.997511
463,Product_363,153,Bangalore,2026-04-03 11:59:51.997511
464,Product_364,146,Mumbai,2026-04-03 11:59:51.997512
465,Product_365,470,Delhi,2026-04-03 11:59:51.997512
466,Product_366,187,Mumbai,2026-04-03 11:59:51.997513
467,Product_367,197,Mumbai,2026-04-03 11:59:51.997513
468,Product_368,367,Pune,2026-04-03 11:59:51.997514
469,Product_369,105,Bangalore,2026-04-03 11:59:51.997514
470,Product_370,254,Delhi,2026-04-03 11:59:51.997514
471,Product_371,93,Mumbai,2026-04-03 11:59:51.997515
472,Product_372,282,Delhi,2026-04-03 11:59:51.997515
473,Product_373,159,Delhi,2026-04-03 11:59:51.997516
474,Product_374,270,Bangalore,2026-04-03 11:59:51.997516
475,Product_375,176,Mumbai,2026-04-03 11:59:51.997516
476,Product_376,403,Mumbai,2026-04-03 11:59:51.997517
477,Product_377,395,Pune,2026-04-03 11:59:51.997517
478,Product_378,261,Bangalore,2026-04-03 11:59:51.997518
479,Product_379,109,Pune,2026-04-03 11:59:51.997518
480,Product_380,233,Mumbai,2026-04-03 11:59:51.997518
481,Product_381,50,Pune,2026-04-03 11:59:51.997519
482,Product_382,260,Mumbai,2026-04-03 11:59:51.997519
483,Product_383,98,Delhi,2026-04-03 11:59:51.997520
484,Product_384,279,Pune,2026-04-03 11:59:51.997520
485,Product_385,439,Delhi,2026-04-03 11:59:51.997521
486,Product_386,62,Bangalore,2026-04-03 11:59:51.997521
487,Product_387,255,Pune,2026-04-03 11:59:51.997521
488,Product_388,377,Delhi,2026-04-03 11:59:51.997522
489,Product_389,458,Mumbai,2026-04-03 11:59:51.997522
490,Product_390,476,Pune,2026-04-03 11:59:51.997522
491,Product_391,496,Mumbai,2026-04-03 11:59:51.997523
492,Product_392,125,Pune,2026-04-03 11:59:51.997523
493,Product_393,97,Pune,2026-04-03 11:59:51.997524
494,Product_394,484,Delhi,2026-04-03 11:59:51.997524
495,Product_395,58,Pune,2026-04-03 11:59:51.997524
496,Product_396,415,Bangalore,2026-04-03 11:59:51.997525
497,Product_397,230,Pune,2026-04-03 11:59:51.997525
498,Product_398,454,Pune,2026-04-03 11:59:51.997526
499,Product_399,69,Pune,2026-04-03 11:59:51.997526
500,Product_400,185,Bangalore,2026-04-03 11:59:51.997527
501,Product_401,161,Bangalore,2026-04-03 11:59:51.997527
502,Product_402,199,Mumbai,2026-04-03 11:59:51.997527
503,Product_403,317,Pune,2026-04-03 11:59:51.997528
504,Product_404,361,Pune,2026-04-03 11:59:51.997528
505,Product_405,440,Delhi,2026-04-03 11:59:51.997529
506,Product_406,156,Bangalore,2026-04-03 11:59:51.997529
507,Product_407,409,Delhi,2026-04-03 11:59:51.997530
508,Product_408,270,Bangalore,2026-04-03 11:59:51.997530
509,Product_409,139,Bangalore,2026-04-03 11:59:51.997531
510,Product_410,208,Pune,2026-04-03 11:59:51.997531
511,Product_411,17,Mumbai,2026-04-03 11:59:51.997532
512,Product_412,39,Pune,2026-04-03 11:59:51.997532
513,Product_413,211,Pune,2026-04-03 11:59:51.997532
514,Product_414,331,Pune,2026-04-03 11:59:51.997533
515,Product_415,167,Pune,2026-04-03 11:59:51.997533
516,Product_416,305,Mumbai,2026-04-03 11:59:51.997534
517,Product_417,31,Pune,2026-04-03 11:59:51.997534
518,Product_418,153,Delhi,2026-04-03 11:59:51.997534
519,Product_419,140,Delhi,2026-04-03 11:59:51.997535
520,Product_420,445,Pune,2026-04-03 11:59:51.997535
521,Product_421,139,Mumbai,2026-04-03 11:59:51.997535
522,Product_422,363,Mumbai,2026-04-03 11:59:51.997536
523,Product_423,330,Mumbai,2026-04-03 11:59:51.997536
524,Product_424,424,Mumbai,2026-04-03 11:59:51.997537
525,Product_425,132,Delhi,2026-04-03 11:59:51.997537
526,Product_426,385,Mumbai,2026-04-03 11:59:51.997537
527,Product_427,403,Mumbai,2026-04-03 11:59:51.997538
528,Product_428,438,Bangalore,2026-04-03 11:59:51.997538
529,Product_429,343,Mumbai,2026-04-03 11:59:51.997538
530,Product_430,483,Pune,2026-04-03 11:59:51.997539
531,Product_431,366,Bangalore,2026-04-03 11:59:51.997539
532,Product_432,371,Pune,2026-04-03 11:59:51.997540
533,Product_433,413,Delhi,2026-04-03 11:59:51.997540
534,Product_434,140,Delhi,2026-04-03 11:59:51.997540
535,Product_435,14,Mumbai,2026-04-03 11:59:51.997541
536,Product_436,65,Delhi,2026-04-03 11:59:51.997541
537,Product_437,406,Delhi,2026-04-03 11:59:51.997542
538,Product_438,466,Mumbai,2026-04-03 11:59:51.997542
539,Product_439,167,Mumbai,2026-04-03 11:59:51.997542
540,Product_440,284,Bangalore,2026-04-03 11:59:51.997543
541,Product_441,93,Delhi,2026-04-03 11:59:51.997543
542,Product_442,455,Mumbai,2026-04-03 11:59:51.997544
543,Product_443,324,Pune,2026-04-03 11:59:51.997544
544,Product_444,276,Mumbai,2026-04-03 11:59:51.997544
545,Product_445,107,Delhi,2026-04-03 11:59:51.997545
546,Product_446,91,Pune,2026-04-03 11:59:51.997545
547,Product_447,299,Pune,2026-04-03 11:59:51.997545
548,Product_448,363,Bangalore,2026-04-03 11:59:51.997546
549,Product_449,156,Bangalore,2026-04-03 11:59:51.997546
550,Product_450,69,Pune,2026-04-03 11:59:51.997546
551,Product_451,152,Delhi,2026-04-03 11:59:51.997547
552,Product_452,417,Delhi,2026-04-03 11:59:51.997547
553,Product_453,89,Delhi,2026-04-03 11:59:51.997548
554,Product_454,196,Bangalore,2026-04-03 11:59:51.997548
555,Product_455,406,Pune,2026-04-03 11:59:51.997549
556,Product_456,189,Mumbai,2026-04-03 11:59:51.997549
557,Product_457,134,Mumbai,2026-04-03 11:59:51.997550
558,Product_458,325,Pune,2026-04-03 11:59:51.997550
559,Product_459,100,Bangalore,2026-04-03 11:59:51.997550
560,Product_460,363,Pune,2026-04-03 11:59:51.997551
561,Product_461,217,Mumbai,2026-04-03 11:59:51.997551
562,Product_462,277,Mumbai,2026-04-03 11:59:51.997552
563,Product_463,31,Mumbai,2026-04-03 11:59:51.997552
564,Product_464,49,Delhi,2026-04-03 11:59:51.997552
565,Product_465,345,Bangalore,2026-04-03 11:59:51.997553
566,Product_466,433,Mumbai,2026-04-03 11:59:51.997553
567,Product_467,369,Mumbai,2026-04-03 11:59:51.997554
568,Product_468,228,Delhi,2026-04-03 11:59:51.997554
569,Product_469,387,Bangalore,2026-04-03 11:59:51.997554
570,Product_470,85,Delhi,2026-04-03 11:59:51.997555
571,Product_471,305,Delhi,2026-04-03 11:59:51.997555
572,Product_472,249,Delhi,2026-04-03 11:59:51.997556
573,Product_473,110,Mumbai,2026-04-03 11:59:51.997556
574,Product_474,187,Bangalore,2026-04-03 11:59:51.997556
575,Product_475,203,Mumbai,2026-04-03 11:59:51.997557
576,Product_476,472,Pune,2026-04-03 11:59:51.997557
577,Product_477,333,Pune,2026-04-03 11:59:51.997557
578,Product_478,10,Delhi,2026-04-03 11:59:51.997558
579,Product_479,100,Pune,2026-04-03 11:59:51.997558
580,Product_480,323,Bangalore,2026-04-03 11:59:51.997559
581,Product_481,64,Delhi,2026-04-03 11:59:51.997559
582,Product_482,423,Delhi,2026-04-03 11:59:51.997559
583,Product_483,241,Bangalore,2026-04-03 11:59:51.997560
584,Product_484,179,Bangalore,2026-04-03 11:59:51.997560
585,Product_485,277,Mumbai,2026-04-03 11:59:51.997560
586,Product_486,254,Mumbai,2026-04-03 11:59:51.997561
587,Product_487,480,Delhi,2026-04-03 11:59:51.997561
588,Product_488,373,Mumbai,2026-04-03 11:59:51.997561
589,Product_489,335,Pune,2026-04-03 11:59:51.997562
590,Product_490,410,Pune,2026-04-03 11:59:51.997562
591,Product_491,379,Mumbai,2026-04-03 11:59:51.997563
592,Product_492,24,Bangalore,2026-04-03 11:59:51.997563
593,Product_493,327,Bangalore,2026-04-03 11:59:51.997563
594,Product_494,85,Delhi,2026-04-03 11:59:51.997564
595,Product_495,254,Mumbai,2026-04-03 11:59:51.997564
596,Product_496,150,Delhi,2026-04-03 11:59:51.997564
597,Product_497,24,Delhi,2026-04-03 11:59:51.997565
598,Product_498,140,Bangalore,2026-04-03 11:59:51.997565
599,Product_499,65,Pune,2026-04-03 11:59:51.997566
